Month,Production,Sales ,demand,population,gdp,disbusment,interestrate,,,,,,
Jan-10,347,322,346,122.4,182277,60314.00,10.25,,,,,,
Feb-10,306,285,338,122.5,181018,61213.92,10.33,,,,,,
Mar-10,236,245,276,122.6,179759,62113.83,10.42,,,,,,
Apr-10,234,212,245,122.8,178500,63013.75,10.50,,,,,,
May-10,296,289,312,122.9,177354,63913.67,10.58,,,,,,
Jun-10,224,212,215,123.1,176208,64813.58,10.67,,,,,,
Jul-10,184,174,181,123.2,175062,65713.50,10.75,,,,,,
Aug-10,193,200,216,123.3,177418,66613.42,10.83,,,,,,
Sep-10,169,152,178,123.5,179774,67513.33,10.92,,,,,,
Oct-10,200,214,215,123.6,182130,68413.25,11.00,,,,,,
Nov-10,335,314,327,123.8,187433,69313.17,11.08,,,,,,
Dec-10,458,400,423,123.9,192736,70213.08,11.17,,,,,,
Jan-11,391,374,354,124.1,198039,71113.00,11.25,,,,,,
Feb-11,397,344,378,124.2,194285,72057.92,11.42,,,,,,
Mar-11,306,300,325,124.3,190531,73002.83,11.58,,,,,,
Apr-11,313,323,336,124.5,186777,73947.75,11.75,,,,,,
May-11,315,292,284,124.6,188085,74892.67,11.92,,,,,,
Jun-11,270,280,295,124.8,189393,75837.58,12.08,,,,,,
Jul-11,213,225,215,124.9,190701,76782.50,12.25,,,,,,
Aug-11,184,165,192,125.1,192375.33,77727.42,12.42,,,,,,
Sep-11,234,191,219,125.2,194049.66,78672.33,12.58,,,,,,
Oct-11,251,243,250,125.3,195723.99,79617.25,12.75,,,,,,
Nov-11,591,523,553,125.5,198526.99,80562.17,12.92,,,,,,
Dec-11,548,520,531,125.6,201329.99,81507.08,13.08,,,,,,
Jan-12,560,565,570,125.8,204132.99,82452.00,13.25,,,,,,
Feb-12,538,523,532,125.9,199377.32,83285.58,13.06,,,,,,
Mar-12,347,403,386,126.0,194621.65,84119.17,12.88,,,,,,
Apr-12,366,334,353,126.2,189865.98,84952.75,12.69,,,,,,
May-12,386,350,349,126.3,188622.98,85786.33,12.50,,,,,,
Jun-12,300,291,312,126.5,187379.98,86619.92,12.31,,,,,,
Jul-12,234,236,259,126.6,186136.98,87453.50,12.13,,,,,,
Aug-12,266,262,261,126.7,188780.98,88287.08,11.94,,,,,,
Sep-12,287,278,286,126.9,191424.98,89120.67,11.75,,,,,,
Oct-12,303,291,300,127.0,194068.98,89954.25,11.56,,,,,,
Nov-12,445,423,453,127.2,199371.98,90787.83,11.38,,,,,,
Dec-12,589,569,576,127.3,204674.98,91621.42,11.19,,,,,,
Jan-13,591,580,580,127.4,209977.98,92455.00,11.00,,,,,,
Feb-13,593,591,591,127.6,206223.98,93565.42,10.94,,,,,,
Mar-13,400,404,403,127.7,202469.98,94675.83,10.88,,,,,,
Apr-13,425,414,419,127.9,198715.98,95786.25,10.81,,,,,,
May-13,401,375,392,128.0,197296.65,96896.67,10.75,,,,,,
Jun-13,403,391,398,128.1,195877.32,98007.09,10.69,,,,,,
Jul-13,311,304,308,128.3,194457.99,99117.50,10.63,,,,,,
Aug-13,291,221,221,128.4,195795.32,100227.92,10.56,,,,,,
Sep-13,323,344,335,128.6,197132.65,101338.34,10.50,,,,,,
Oct-13,309,291,298,128.7,198469.98,102448.75,10.44,,,,,,
Nov-13,625,603,605,128.8,202022.31,103559.17,10.38,,,,,,
Dec-13,600,614,610,129.0,205574.64,104669.59,10.31,,,,,,
Jan-14,592,584,600,129.1,209126.97,105780.00,10.25,,,,,,
Feb-14,611,590,600,129.2,209277.64,106162.84,10.25,,,,,,
Mar-14,437,412,422,129.4,209428.31,106545.67,10.24,,,,,,
Apr-14,413,403,408,129.5,209578.98,106545.67,10.24,,,,,,
May-14,411,397,398,129.7,208023.31,106928.50,10.24,,,,,,
Jun-14,435,423,426,129.8,206467.64,107311.34,10.24,,,,,,
Jul-14,325,313,312,129.9,204911.97,107694.17,10.23,,,,,,
Aug-14,314,309,308,130.1,205460.637,108077.00,10.23,,,,,,
Sep-14,302,314,298,130.2,206009.304,108459.84,10.23,,,,,,
Oct-14,300,301,285,130.3,206557.971,108842.67,10.22,,,,,,
Nov-14,612,621,618,130.5,209098.638,109225.50,10.22,,,,,,
Dec-14,575,530,538,130.6,211639.305,109608.34,10.22,,,,,,
Jan-15,531,503,531,130.7,214179.972,110374.00,10.22,,,,,,
Feb-15,663,651,384.6,130.9,215537.639,113291.50,10.15,,,,,,
Mar-15,400,380,374.6,131.0,216895.306,116209.00,10.08,,,,,,
Apr-15,392,380,364.7,131.1,218252.973,119126.50,10.01,,,,,,
May-15,382,375,354.8,131.2,214098.643,122044.00,9.94,,,,,,
Jun-15,413,404,344.9,131.4,209944.313,124961.50,9.88,,,,,,
Jul-15,314,308,335.0,131.5,205789.983,127879.00,9.81,,,,,,
Aug-15,323,314,325.0,131.6,209342.983,130796.50,9.74,,,,,,
Sep-15,311,343,325,131.8,212895.983,133714.00,9.67,,,,,,
Oct-15,318,313,316,131.9,216448.983,136631.50,9.60,,,,,,
Nov-15,609,591,592,132.0,219246.983,139549.00,9.54,,,,,,
Dec-15,529,522,524,132.1,222044.983,142466.50,9.47,,,,,,
Jan-16,583,574,575,132.3,224842.983,145384.00,9.40,,,,,,
Feb-16,520,512,512,132.4,228075.65,147537.58,9.37,,,,,,
Mar-16,381,322,372,132.5,231308.317,149691.17,9.33,,,,,,
Apr-16,399,356,369,132.7,234540.984,151844.75,9.30,,,,,,
May-16,403,391,403,132.8,230641.984,153998.33,9.27,,,,,,
Jun-16,401,389,408,132.9,226742.984,156151.92,9.23,,,,,,
Jul-16,380,369,379,133.1,222843.984,158305.50,9.20,,,,,,
Aug-16,347,323,310,133.2,226038.317,160459.08,9.17,,,,,,
Sep-16,314,304,329,133.3,229232.65,162612.66,9.13,,,,,,
Oct-16,336,312,338,133.5,232426.983,164766.25,9.10,,,,,,
Nov-16,697,674,689,133.6,230495.313,166919.83,9.07,,,,,,
Dec-16,644,614,634,133.7,228563.643,169073.41,9.03,,,,,,
Jan-17,721,700,708,133.9,226631.973,171227.00,9.00,,,,,,
Feb-17,705,700,702,134.0,229554.973,169611.17,8.96,,,,,,
Mar-17,380,350,354,134.1,232477.973,167995.34,8.92,,,,,,
Apr-17,370,348,345,134.2,235400.973,166379.51,8.87,,,,,,
May-17,361,334,322,134.4,232482.973,164763.68,8.83,,,,,,
Jun-17,414,409,398,134.5,229564.973,163147.85,8.79,,,,,,
Jul-17,323,303,295,134.6,226646.973,161532.02,8.75,,,,,,
Aug-17,321,348,296,134.8,232428.303,159916.19,8.71,,,,,,
Sep-17,359,377,398,134.9,238209.633,158300.36,8.67,,,,,,
Oct-17,388,398,405,135.0,243990.963,156684.53,8.62,,,,,,
Nov-17,689,664,681,135.2,248749.296,155068.70,8.58,,,,,,
Dec-17,704,681,710,135.3,253507.629,153452.87,8.54,,,,,,
Jan-18,755,734,783,135.4,258265.962,151837.04,8.50,,,,,,
Feb-18,701,689,722,135.5,255961.962,151712.04,8.46,,,,,,
Mar-18,429,421,449,135.7,253657.962,151587.04,8.42,,,,,,
Apr-18,422,414,448,135.8,251353.962,151587.04,8.37,,,,,,
May-18,443,423,460,135.9,247308.962,151462.04,8.33,,,,,,
Jun-18,410,401,386,136.0,243263.962,151337.04,8.29,,,,,,
Jul-18,396,383,375,136.2,239218.962,151212.04,8.25,,,,,,
Aug-18,378,386,380,136.3,246475.295,151087.04,8.21,,,,,,
Sep-18,386,369,395,136.4,253731.628,150962.04,8.17,,,,,,
Oct-18,396,391,425,136.5,260987.961,150837.04,8.12,,,,,,
Nov-18,691,673,702,136.7,265734.628,150712.04,8.08,,,,,,
Dec-18,736,721,752,136.8,270481.295,150587.04,8.04,,,,,,
Jan-19,791,771,764,136.9,275227.962,150337.00,8.00,,,,,,
Feb-19,777,786,787,137.0,270061.292,150550.75,7.92,,,,,,
Mar-19,445,434,343,137.1,264894.622,150764.50,7.83,,,,,,
Apr-19,464,311,453,137.3,259727.952,150978.25,7.75,,,,,,
May-19,369,195,354,137.4,253415.952,151192.00,7.67,,,,,,
Jun-19,323,200,360,137.5,247103.952,151405.75,7.58,,,,,,
Jul-19,360,256,310,137.6,240791.952,151619.50,7.50,,,,,,
Aug-19,331,270,321,137.7,246430.619,151833.25,7.42,,,,,,
Sep-19,333,260,315,137.8,252069.286,152047.00,7.33,,,,,,
Oct-19,366,281,358,138.0,257707.953,152260.75,7.25,,,,,,
Nov-19,771,531,750,138.1,265288.953,152474.50,7.17,,,,,,
Dec-19,691,537,686,138.2,272869.953,152688.25,7.08,,,,,,
Jan-20,675,514,686,138.3,280450.953,152902.00,7.00,,,,,,
Feb-20,700,578,684,138.4,230779.653,156052.67,7.05,,,,,,
Mar-20,419,500,486,138.5,181108.353,159203.33,7.10,,,,,,
Apr-20,399,414,408,138.6,131437.053,162354.00,7.15,,,,,,
May-20,425,405,405,138.8,162590.383,165504.67,7.20,,,,,,
Jun-20,445,414,410,138.9,193743.713,168655.34,7.25,,,,,,
Jul-20,356,336,386,139.0,224897.043,171806.00,7.30,,,,,,
Aug-20,326,322,326,139.1,241515.373,174956.67,7.35,,,,,,
Sep-20,388,423,388,139.2,258133.703,178107.34,7.40,,,,,,
Oct-20,337,354,337,139.3,274752.033,181258.00,7.45,,,,,,
Nov-20,731,717,784,139.4,293751.033,184408.67,7.50,,,,,,
Dec-20,691,665,685,139.5,312750.033,187559.34,7.55,,,,,,
Jan-21,821,809,810,139.6,331749.033,190710.00,7.60,,,,,,
Feb-21,811,829,802,139.7,296221.433,192776.05,7.64,,,,,,
Mar-21,467,511,524,139.8,260693.833,194842.10,7.68,,,,,,
Apr-21,440,423,435,139.9,225166,196908.15,7.73,,,,,,
May-21,489,439,428,140.0,231134.33,198974.19,7.77,,,,,,
Jun-21,440,423,439,140.1,237102.66,201040.24,7.81,,,,,,
Jul-21,388,382,400,140.2,243070.99,203106.29,7.85,,,,,,
Aug-21,396,391,395,140.3,251071.99,205172.33,7.89,,,,,,
Sep-21,406,420,415,140.4,259072.99,207238.38,7.93,,,,,,
Oct-21,423,408,406,140.5,267073.99,209304.43,7.98,,,,,,
Nov-21,830,843,858,140.6,290810.32,211370.47,8.02,,,,,,
Dec-21,894,858,885,140.7,314546.65,213436.52,8.06,,,,,,
Jan-22,825,823,835,140.8,338282.98,215502.57,8.10,,,,,,
Feb-22,848,836,853,140.8,313161.38,217568.62,8.14,,,,,,
Mar-22,531,514,625,140.9,288039.68,219634.66,8.18,,,,,,
Apr-22,487,477,495,141.0,262917.98,221700.71,8.23,,,,,,
May-22,531,514,596,141.1,261644.65,223766.76,8.27,,,,,,
Jun-22,586,574,685,141.2,260371.32,225832.80,8.31,,,,,,
Jul-22,434,430,547,141.3,259097.99,227898.85,8.35,,,,,,
Aug-22,422,419,526,141.4,257824.66,229964.90,8.39,,,,,,
Sep-22,433,431,502,141.5,256551.33,232030.94,8.43,,,,,,
Oct-22,453,451,625,141.6,255278,234096.99,8.48,,,,,,
Nov-22,903,895,900,141.7,254004.67,236163.04,8.60,,,,,,
,,,,,,,,,,,,,
,,,,,,,,,,,,,
,,,,,,,,,,,,,
,,,,,,,,,,,,,
,,,,,,,,,,,,,
,,,,,,,,,,,,,
,,,,,,,,,,,,,
,,,,,,,,,,,,,
,,,,,,,,,,,,,
,,,,,,,,,,,,,
,,,,,,,,,,,,,
,,,,,,,,,,,,,
,,,,,,,,,,,,,
,,,,,,,,,,,,,
,,,,,,,,,,,,,
,,,,,,,,,,,,,
,,,,,,,,,,,,,
,,,,,,,,,,,,,
,,,,,,,,,,,,,
,,,,,,,,,,,,,
,,,,,,,,,,,,,
,,,,,,,,,,,,,
,,,,,,,,,,,,,
,,,,,,,,,,,,,
,,,,,,,,,,,,,
,,,,,,,,,,,,,
,,,,,,,,,,,,,
,,,,,,,,,,,,,
,,,,,,,,,,,,,
,,,,,,,,,,,,,
,,,,,,,,,,,,,
,,,,,,,,,,,,,
,,,,,,,,,,,,,
,,,,,,,,,,,,,
,,,,,,,,,,,,,
,,,,,,,,,,,,,
,,,,,,,,,,,,,
,,,,,,,,,,,,,
,,,,,,,,,,,,,
,,,,,,,,,,,,,
,,,,,,,,,,,,,
,,,,,,,,,,,,,
,,,,,,,,,,,,,
,,,,,,,,,,,,,
,,,,,,,,,,,,,
,,,,,,,,,,,,,
,,,,,,,,,,,,,
,,,,,,,,,,,,,
,,,,,,,,,,,,,
,,,,,,,,,,,,,
,,,,,,,,,,,,,
,,,,,,,,,,,,,
,,,,,,,,,,,,,
,,,,,,,,,,,,,
,,,,,,,,,,,,,
,,,,,,,,,,,,,
,,,,,,,,,,,,,
,,,,,,,,,,,,,
,,,,,,,,,,,,,
,,,,,,,,,,,,,
,,,,,,,,,,,,,
,,,,,,,,,,,,,
,,,,,,,,,,,,,
,,,,,,,,,,,,,
,,,,,,,,,,,,,
,,,,,,,,,,,,,
,,,,,,,,,,,,,
,,,,,,,,,,,,,
,,,,,,,,,,,,,
,,,,,,,,,,,,,
,,,,,,,,,,,,,
,,,,,,,,,,,,,
,,,,,,,,,,,,,
,,,,,,,,,,,,,
,,,,,,,,,,,,,
,,,,,,,,,,,,,
,,,,,,,,,,,,,
,,,,,,,,,,,,,
,,,,,,,,,,,,,
,,,,,,,,,,,,,
,,,,,,,,,,,,,
,,,,,,,,,,,,,
,,,,,,,,,,,,,
,,,,,,,,,,,,,
,,,,,,,,,,,,,
,,,,,,,,,,,,,
,,,,,,,,,,,,,
,,,,,,,,,,,,,
,,,,,,,,,,,,,
,,,,,,,,,,,,,
,,,,,,,,,,,,,
,,,,,,,,,,,,,
,,,,,,,,,,,,,
,,,,,,,,,,,,,
,,,,,,,,,,,,,
,,,,,,,,,,,,,
,,,,,,,,,,,,,
,,,,,,,,,,,,,
,,,,,,,,,,,,,
,,,,,,,,,,,,,
,,,,,,,,,,,,,
,,,,,,,,,,,,,
,,,,,,,,,,,,,
,,,,,,,,,,,,,
,,,,,,,,,,,,,
,,,,,,,,,,,,,
,,,,,,,,,,,,,
,,,,,,,,,,,,,
,,,,,,,,,,,,,
,,,,,,,,,,,,,
,,,,,,,,,,,,,
,,,,,,,,,,,,,
,,,,,,,,,,,,,
,,,,,,,,,,,,,
,,,,,,,,,,,,,
,,,,,,,,,,,,,
,,,,,,,,,,,,,
,,,,,,,,,,,,,
,,,,,,,,,,,,,
,,,,,,,,,,,,,
,,,,,,,,,,,,,
,,,,,,,,,,,,,
,,,,,,,,,,,,,
,,,,,,,,,,,,,
,,,,,,,,,,,,,
,,,,,,,,,,,,,
,,,,,,,,,,,,,
,,,,,,,,,,,,,
,,,,,,,,,,,,,
,,,,,,,,,,,,,
,,,,,,,,,,,,,
,,,,,,,,,,,,,
,,,,,,,,,,,,,
,,,,,,,,,,,,,
,,,,,,,,,,,,,
,,,,,,,,,,,,,
,,,,,,,,,,,,,
,,,,,,,,,,,,,
,,,,,,,,,,,,,
,,,,,,,,,,,,,
,,,,,,,,,,,,,
,,,,,,,,,,,,,
,,,,,,,,,,,,,
,,,,,,,,,,,,,
,,,,,,,,,,,,,
,,,,,,,,,,,,,
,,,,,,,,,,,,,
,,,,,,,,,,,,,
,,,,,,,,,,,,,
,,,,,,,,,,,,,
,,,,,,,,,,,,,
,,,,,,,,,,,,,
,,,,,,,,,,,,,
,,,,,,,,,,,,,
,,,,,,,,,,,,,
,,,,,,,,,,,,,
,,,,,,,,,,,,,
,,,,,,,,,,,,,
,,,,,,,,,,,,,
,,,,,,,,,,,,,
,,,,,,,,,,,,,
,,,,,,,,,,,,,
,,,,,,,,,,,,,
,,,,,,,,,,,,,
,,,,,,,,,,,,,
,,,,,,,,,,,,,
,,,,,,,,,,,,,
,,,,,,,,,,,,,
,,,,,,,,,,,,,
,,,,,,,,,,,,,
,,,,,,,,,,,,,
,,,,,,,,,,,,,
,,,,,,,,,,,,,
,,,,,,,,,,,,,
,,,,,,,,,,,,,
,,,,,,,,,,,,,
,,,,,,,,,,,,,
,,,,,,,,,,,,,
,,,,,,,,,,,,,
,,,,,,,,,,,,,
,,,,,,,,,,,,,
,,,,,,,,,,,,,
,,,,,,,,,,,,,
,,,,,,,,,,,,,
,,,,,,,,,,,,,
,,,,,,,,,,,,,
,,,,,,,,,,,,,
,,,,,,,,,,,,,
,,,,,,,,,,,,,
,,,,,,,,,,,,,
,,,,,,,,,,,,,
,,,,,,,,,,,,,
,,,,,,,,,,,,,
,,,,,,,,,,,,,
,,,,,,,,,,,,,
,,,,,,,,,,,,,
,,,,,,,,,,,,,
,,,,,,,,,,,,,
,,,,,,,,,,,,,
,,,,,,,,,,,,,
,,,,,,,,,,,,,
,,,,,,,,,,,,,
,,,,,,,,,,,,,
,,,,,,,,,,,,,
,,,,,,,,,,,,,
,,,,,,,,,,,,,
,,,,,,,,,,,,,
,,,,,,,,,,,,,
,,,,,,,,,,,,,
,,,,,,,,,,,,,
,,,,,,,,,,,,,
,,,,,,,,,,,,,
,,,,,,,,,,,,,
,,,,,,,,,,,,,
,,,,,,,,,,,,,
,,,,,,,,,,,,,
,,,,,,,,,,,,,
,,,,,,,,,,,,,
,,,,,,,,,,,,,
,,,,,,,,,,,,,
,,,,,,,,,,,,,
,,,,,,,,,,,,,
,,,,,,,,,,,,,
,,,,,,,,,,,,,
,,,,,,,,,,,,,
,,,,,,,,,,,,,
,,,,,,,,,,,,,
,,,,,,,,,,,,,
,,,,,,,,,,,,,
,,,,,,,,,,,,,
,,,,,,,,,,,,,
,,,,,,,,,,,,,
,,,,,,,,,,,,,
,,,,,,,,,,,,,
,,,,,,,,,,,,,
,,,,,,,,,,,,,
,,,,,,,,,,,,,
,,,,,,,,,,,,,
,,,,,,,,,,,,,
,,,,,,,,,,,,,
,,,,,,,,,,,,,
,,,,,,,,,,,,,
,,,,,,,,,,,,,
,,,,,,,,,,,,,
,,,,,,,,,,,,,
,,,,,,,,,,,,,
,,,,,,,,,,,,,
,,,,,,,,,,,,,
,,,,,,,,,,,,,
,,,,,,,,,,,,,
,,,,,,,,,,,,,
,,,,,,,,,,,,,
,,,,,,,,,,,,,
,,,,,,,,,,,,,
,,,,,,,,,,,,,
,,,,,,,,,,,,,
,,,,,,,,,,,,,
,,,,,,,,,,,,,
,,,,,,,,,,,,,
,,,,,,,,,,,,,
,,,,,,,,,,,,,
,,,,,,,,,,,,,
,,,,,,,,,,,,,
,,,,,,,,,,,,,
,,,,,,,,,,,,,
,,,,,,,,,,,,,
,,,,,,,,,,,,,
,,,,,,,,,,,,,
,,,,,,,,,,,,,
,,,,,,,,,,,,,
,,,,,,,,,,,,,
,,,,,,,,,,,,,
,,,,,,,,,,,,,
,,,,,,,,,,,,,
,,,,,,,,,,,,,
,,,,,,,,,,,,,
,,,,,,,,,,,,,
,,,,,,,,,,,,,
,,,,,,,,,,,,,
,,,,,,,,,,,,,
,,,,,,,,,,,,,
,,,,,,,,,,,,,
,,,,,,,,,,,,,
,,,,,,,,,,,,,
,,,,,,,,,,,,,
,,,,,,,,,,,,,
,,,,,,,,,,,,,
,,,,,,,,,,,,,
,,,,,,,,,,,,,
,,,,,,,,,,,,,
,,,,,,,,,,,,,
,,,,,,,,,,,,,
,,,,,,,,,,,,,
,,,,,,,,,,,,,
,,,,,,,,,,,,,
,,,,,,,,,,,,,
,,,,,,,,,,,,,
,,,,,,,,,,,,,
,,,,,,,,,,,,,
,,,,,,,,,,,,,
,,,,,,,,,,,,,
,,,,,,,,,,,,,
,,,,,,,,,,,,,
,,,,,,,,,,,,,
,,,,,,,,,,,,,
,,,,,,,,,,,,,
,,,,,,,,,,,,,
,,,,,,,,,,,,,
,,,,,,,,,,,,,
,,,,,,,,,,,,,
,,,,,,,,,,,,,
,,,,,,,,,,,,,
,,,,,,,,,,,,,
,,,,,,,,,,,,,
,,,,,,,,,,,,,
,,,,,,,,,,,,,
,,,,,,,,,,,,,
,,,,,,,,,,,,,
,,,,,,,,,,,,,
,,,,,,,,,,,,,
,,,,,,,,,,,,,
,,,,,,,,,,,,,
,,,,,,,,,,,,,
,,,,,,,,,,,,,
,,,,,,,,,,,,,
,,,,,,,,,,,,,
,,,,,,,,,,,,,
,,,,,,,,,,,,,
,,,,,,,,,,,,,
,,,,,,,,,,,,,
,,,,,,,,,,,,,
,,,,,,,,,,,,,
,,,,,,,,,,,,,
,,,,,,,,,,,,,
,,,,,,,,,,,,,
,,,,,,,,,,,,,
,,,,,,,,,,,,,
,,,,,,,,,,,,,
,,,,,,,,,,,,,
,,,,,,,,,,,,,
,,,,,,,,,,,,,
,,,,,,,,,,,,,
,,,,,,,,,,,,,
,,,,,,,,,,,,,
,,,,,,,,,,,,,
,,,,,,,,,,,,,
,,,,,,,,,,,,,
,,,,,,,,,,,,,
,,,,,,,,,,,,,
,,,,,,,,,,,,,
,,,,,,,,,,,,,
,,,,,,,,,,,,,
,,,,,,,,,,,,,
,,,,,,,,,,,,,
,,,,,,,,,,,,,
,,,,,,,,,,,,,
,,,,,,,,,,,,,
,,,,,,,,,,,,,
,,,,,,,,,,,,,
,,,,,,,,,,,,,
,,,,,,,,,,,,,
,,,,,,,,,,,,,
,,,,,,,,,,,,,
,,,,,,,,,,,,,
,,,,,,,,,,,,,
,,,,,,,,,,,,,
,,,,,,,,,,,,,
,,,,,,,,,,,,,
,,,,,,,,,,,,,
,,,,,,,,,,,,,
,,,,,,,,,,,,,
,,,,,,,,,,,,,
,,,,,,,,,,,,,
,,,,,,,,,,,,,
,,,,,,,,,,,,,
,,,,,,,,,,,,,
,,,,,,,,,,,,,
,,,,,,,,,,,,,
,,,,,,,,,,,,,
,,,,,,,,,,,,,
,,,,,,,,,,,,,
,,,,,,,,,,,,,
,,,,,,,,,,,,,
,,,,,,,,,,,,,
,,,,,,,,,,,,,
,,,,,,,,,,,,,
,,,,,,,,,,,,,
,,,,,,,,,,,,,
,,,,,,,,,,,,,
,,,,,,,,,,,,,
,,,,,,,,,,,,,
,,,,,,,,,,,,,
,,,,,,,,,,,,,
,,,,,,,,,,,,,
,,,,,,,,,,,,,
,,,,,,,,,,,,,
,,,,,,,,,,,,,
,,,,,,,,,,,,,
,,,,,,,,,,,,,
,,,,,,,,,,,,,
,,,,,,,,,,,,,
,,,,,,,,,,,,,
,,,,,,,,,,,,,
,,,,,,,,,,,,,
,,,,,,,,,,,,,
,,,,,,,,,,,,,
,,,,,,,,,,,,,
,,,,,,,,,,,,,
,,,,,,,,,,,,,
,,,,,,,,,,,,,
,,,,,,,,,,,,,
,,,,,,,,,,,,,
,,,,,,,,,,,,,
,,,,,,,,,,,,,
,,,,,,,,,,,,,
,,,,,,,,,,,,,
,,,,,,,,,,,,,
,,,,,,,,,,,,,
,,,,,,,,,,,,,
,,,,,,,,,,,,,
,,,,,,,,,,,,,
,,,,,,,,,,,,,
,,,,,,,,,,,,,
,,,,,,,,,,,,,
,,,,,,,,,,,,,
,,,,,,,,,,,,,
,,,,,,,,,,,,,
,,,,,,,,,,,,,
,,,,,,,,,,,,,
,,,,,,,,,,,,,
,,,,,,,,,,,,,
,,,,,,,,,,,,,
,,,,,,,,,,,,,
,,,,,,,,,,,,,
,,,,,,,,,,,,,
,,,,,,,,,,,,,
,,,,,,,,,,,,,
,,,,,,,,,,,,,
,,,,,,,,,,,,,
,,,,,,,,,,,,,
,,,,,,,,,,,,,
,,,,,,,,,,,,,
,,,,,,,,,,,,,
,,,,,,,,,,,,,
,,,,,,,,,,,,,
,,,,,,,,,,,,,
,,,,,,,,,,,,,
,,,,,,,,,,,,,
,,,,,,,,,,,,,
,,,,,,,,,,,,,
,,,,,,,,,,,,,
,,,,,,,,,,,,,
,,,,,,,,,,,,,
,,,,,,,,,,,,,
,,,,,,,,,,,,,
,,,,,,,,,,,,,
,,,,,,,,,,,,,
,,,,,,,,,,,,,
,,,,,,,,,,,,,
,,,,,,,,,,,,,
,,,,,,,,,,,,,
,,,,,,,,,,,,,
,,,,,,,,,,,,,
,,,,,,,,,,,,,
,,,,,,,,,,,,,
,,,,,,,,,,,,,
,,,,,,,,,,,,,
,,,,,,,,,,,,,
,,,,,,,,,,,,,
,,,,,,,,,,,,,
,,,,,,,,,,,,,
,,,,,,,,,,,,,
,,,,,,,,,,,,,
,,,,,,,,,,,,,
,,,,,,,,,,,,,
,,,,,,,,,,,,,
,,,,,,,,,,,,,
,,,,,,,,,,,,,
,,,,,,,,,,,,,
,,,,,,,,,,,,,
,,,,,,,,,,,,,
,,,,,,,,,,,,,
,,,,,,,,,,,,,
,,,,,,,,,,,,,
,,,,,,,,,,,,,
,,,,,,,,,,,,,
,,,,,,,,,,,,,
,,,,,,,,,,,,,
,,,,,,,,,,,,,
,,,,,,,,,,,,,
,,,,,,,,,,,,,
,,,,,,,,,,,,,
,,,,,,,,,,,,,
,,,,,,,,,,,,,
,,,,,,,,,,,,,
,,,,,,,,,,,,,
,,,,,,,,,,,,,
,,,,,,,,,,,,,
,,,,,,,,,,,,,
,,,,,,,,,,,,,
,,,,,,,,,,,,,
,,,,,,,,,,,,,
,,,,,,,,,,,,,
,,,,,,,,,,,,,
,,,,,,,,,,,,,
,,,,,,,,,,,,,
,,,,,,,,,,,,,
,,,,,,,,,,,,,
,,,,,,,,,,,,,
,,,,,,,,,,,,,
,,,,,,,,,,,,,
,,,,,,,,,,,,,
,,,,,,,,,,,,,
,,,,,,,,,,,,,
,,,,,,,,,,,,,
,,,,,,,,,,,,,
,,,,,,,,,,,,,
,,,,,,,,,,,,,
,,,,,,,,,,,,,
,,,,,,,,,,,,,
,,,,,,,,,,,,,
,,,,,,,,,,,,,
,,,,,,,,,,,,,
,,,,,,,,,,,,,
,,,,,,,,,,,,,
,,,,,,,,,,,,,
,,,,,,,,,,,,,
,,,,,,,,,,,,,
,,,,,,,,,,,,,
,,,,,,,,,,,,,
,,,,,,,,,,,,,
,,,,,,,,,,,,,
,,,,,,,,,,,,,
,,,,,,,,,,,,,
,,,,,,,,,,,,,
,,,,,,,,,,,,,
,,,,,,,,,,,,,
,,,,,,,,,,,,,
,,,,,,,,,,,,,
,,,,,,,,,,,,,
,,,,,,,,,,,,,
,,,,,,,,,,,,,
,,,,,,,,,,,,,
,,,,,,,,,,,,,
,,,,,,,,,,,,,
,,,,,,,,,,,,,
,,,,,,,,,,,,,
,,,,,,,,,,,,,
,,,,,,,,,,,,,
,,,,,,,,,,,,,
,,,,,,,,,,,,,
,,,,,,,,,,,,,
,,,,,,,,,,,,,
,,,,,,,,,,,,,
,,,,,,,,,,,,,
,,,,,,,,,,,,,
,,,,,,,,,,,,,
,,,,,,,,,,,,,
,,,,,,,,,,,,,
,,,,,,,,,,,,,
,,,,,,,,,,,,,
,,,,,,,,,,,,,
,,,,,,,,,,,,,
,,,,,,,,,,,,,
,,,,,,,,,,,,,
,,,,,,,,,,,,,
,,,,,,,,,,,,,
,,,,,,,,,,,,,
,,,,,,,,,,,,,
,,,,,,,,,,,,,
,,,,,,,,,,,,,
,,,,,,,,,,,,,
,,,,,,,,,,,,,
,,,,,,,,,,,,,
,,,,,,,,,,,,,
,,,,,,,,,,,,,
,,,,,,,,,,,,,
,,,,,,,,,,,,,
,,,,,,,,,,,,,
,,,,,,,,,,,,,
,,,,,,,,,,,,,
,,,,,,,,,,,,,
,,,,,,,,,,,,,
,,,,,,,,,,,,,
,,,,,,,,,,,,,
,,,,,,,,,,,,,
,,,,,,,,,,,,,
,,,,,,,,,,,,,
,,,,,,,,,,,,,
,,,,,,,,,,,,,
,,,,,,,,,,,,,
,,,,,,,,,,,,,
,,,,,,,,,,,,,
,,,,,,,,,,,,,
,,,,,,,,,,,,,
,,,,,,,,,,,,,
,,,,,,,,,,,,,
,,,,,,,,,,,,,
,,,,,,,,,,,,,
,,,,,,,,,,,,,
,,,,,,,,,,,,,
,,,,,,,,,,,,,
,,,,,,,,,,,,,
,,,,,,,,,,,,,
,,,,,,,,,,,,,
,,,,,,,,,,,,,
,,,,,,,,,,,,,
,,,,,,,,,,,,,
,,,,,,,,,,,,,
,,,,,,,,,,,,,
,,,,,,,,,,,,,
,,,,,,,,,,,,,
,,,,,,,,,,,,,
,,,,,,,,,,,,,
,,,,,,,,,,,,,
,,,,,,,,,,,,,
,,,,,,,,,,,,,
,,,,,,,,,,,,,
,,,,,,,,,,,,,
,,,,,,,,,,,,,
,,,,,,,,,,,,,
,,,,,,,,,,,,,
,,,,,,,,,,,,,
,,,,,,,,,,,,,
,,,,,,,,,,,,,
,,,,,,,,,,,,,
,,,,,,,,,,,,,
,,,,,,,,,,,,,
,,,,,,,,,,,,,
,,,,,,,,,,,,,
,,,,,,,,,,,,,
,,,,,,,,,,,,,
,,,,,,,,,,,,,
,,,,,,,,,,,,,
,,,,,,,,,,,,,
,,,,,,,,,,,,,
,,,,,,,,,,,,,
,,,,,,,,,,,,,
,,,,,,,,,,,,,
,,,,,,,,,,,,,
,,,,,,,,,,,,,
,,,,,,,,,,,,,
,,,,,,,,,,,,,
,,,,,,,,,,,,,
,,,,,,,,,,,,,
,,,,,,,,,,,,,
,,,,,,,,,,,,,
,,,,,,,,,,,,,
,,,,,,,,,,,,,
,,,,,,,,,,,,,
,,,,,,,,,,,,,
,,,,,,,,,,,,,
,,,,,,,,,,,,,
,,,,,,,,,,,,,
,,,,,,,,,,,,,
,,,,,,,,,,,,,
,,,,,,,,,,,,,
,,,,,,,,,,,,,
,,,,,,,,,,,,,
,,,,,,,,,,,,,
,,,,,,,,,,,,,
,,,,,,,,,,,,,
,,,,,,,,,,,,,
,,,,,,,,,,,,,
,,,,,,,,,,,,,
,,,,,,,,,,,,,
,,,,,,,,,,,,,
,,,,,,,,,,,,,
,,,,,,,,,,,,,
,,,,,,,,,,,,,
,,,,,,,,,,,,,
,,,,,,,,,,,,,
,,,,,,,,,,,,,
,,,,,,,,,,,,,
,,,,,,,,,,,,,
,,,,,,,,,,,,,
,,,,,,,,,,,,,
,,,,,,,,,,,,,
,,,,,,,,,,,,,
,,,,,,,,,,,,,
,,,,,,,,,,,,,
,,,,,,,,,,,,,
,,,,,,,,,,,,,
,,,,,,,,,,,,,
,,,,,,,,,,,,,
,,,,,,,,,,,,,
,,,,,,,,,,,,,
,,,,,,,,,,,,,
,,,,,,,,,,,,,
,,,,,,,,,,,,,
,,,,,,,,,,,,,
,,,,,,,,,,,,,
,,,,,,,,,,,,,
,,,,,,,,,,,,,
,,,,,,,,,,,,,
,,,,,,,,,,,,,
,,,,,,,,,,,,,
,,,,,,,,,,,,,
,,,,,,,,,,,,,
,,,,,,,,,,,,,
,,,,,,,,,,,,,
,,,,,,,,,,,,,
,,,,,,,,,,,,,
,,,,,,,,,,,,,
,,,,,,,,,,,,,
,,,,,,,,,,,,,
,,,,,,,,,,,,,
,,,,,,,,,,,,,
,,,,,,,,,,,,,
,,,,,,,,,,,,,
,,,,,,,,,,,,,
,,,,,,,,,,,,,
,,,,,,,,,,,,,
,,,,,,,,,,,,,
,,,,,,,,,,,,,
,,,,,,,,,,,,,
,,,,,,,,,,,,,
,,,,,,,,,,,,,
,,,,,,,,,,,,,
,,,,,,,,,,,,,
,,,,,,,,,,,,,
,,,,,,,,,,,,,
,,,,,,,,,,,,,
,,,,,,,,,,,,,
,,,,,,,,,,,,,
,,,,,,,,,,,,,
,,,,,,,,,,,,,
,,,,,,,,,,,,,
,,,,,,,,,,,,,
,,,,,,,,,,,,,
,,,,,,,,,,,,,
,,,,,,,,,,,,,
,,,,,,,,,,,,,
,,,,,,,,,,,,,
,,,,,,,,,,,,,
,,,,,,,,,,,,,
,,,,,,,,,,,,,
,,,,,,,,,,,,,
,,,,,,,,,,,,,
,,,,,,,,,,,,,
,,,,,,,,,,,,,
,,,,,,,,,,,,,
,,,,,,,,,,,,,
,,,,,,,,,,,,,
,,,,,,,,,,,,,
,,,,,,,,,,,,,
,,,,,,,,,,,,,
,,,,,,,,,,,,,
,,,,,,,,,,,,,
,,,,,,,,,,,,,
,,,,,,,,,,,,,
,,,,,,,,,,,,,
,,,,,,,,,,,,,
,,,,,,,,,,,,,
,,,,,,,,,,,,,
,,,,,,,,,,,,,
,,,,,,,,,,,,,
,,,,,,,,,,,,,
,,,,,,,,,,,,,
,,,,,,,,,,,,,
,,,,,,,,,,,,,
,,,,,,,,,,,,,
,,,,,,,,,,,,,
,,,,,,,,,,,,,
,,,,,,,,,,,,,
,,,,,,,,,,,,,
,,,,,,,,,,,,,
,,,,,,,,,,,,,
,,,,,,,,,,,,,
,,,,,,,,,,,,,
,,,,,,,,,,,,,
,,,,,,,,,,,,,
,,,,,,,,,,,,,
,,,,,,,,,,,,,
,,,,,,,,,,,,,
,,,,,,,,,,,,,
,,,,,,,,,,,,,
,,,,,,,,,,,,,
,,,,,,,,,,,,,
,,,,,,,,,,,,,
,,,,,,,,,,,,,
,,,,,,,,,,,,,
,,,,,,,,,,,,,
,,,,,,,,,,,,,
,,,,,,,,,,,,,
,,,,,,,,,,,,,
,,,,,,,,,,,,,
,,,,,,,,,,,,,
,,,,,,,,,,,,,
,,,,,,,,,,,,,
,,,,,,,,,,,,,
,,,,,,,,,,,,,
,,,,,,,,,,,,,
,,,,,,,,,,,,,
,,,,,,,,,,,,,
,,,,,,,,,,,,,
,,,,,,,,,,,,,
,,,,,,,,,,,,,
,,,,,,,,,,,,,
,,,,,,,,,,,,,
,,,,,,,,,,,,,
,,,,,,,,,,,,,
,,,,,,,,,,,,,
,,,,,,,,,,,,,
,,,,,,,,,,,,,
,,,,,,,,,,,,,
,,,,,,,,,,,,,
,,,,,,,,,,,,,
,,,,,,,,,,,,,
,,,,,,,,,,,,,
,,,,,,,,,,,,,
,,,,,,,,,,,,,
,,,,,,,,,,,,,
,,,,,,,,,,,,,
,,,,,,,,,,,,,
,,,,,,,,,,,,,
,,,,,,,,,,,,,
,,,,,,,,,,,,,
,,,,,,,,,,,,,
,,,,,,,,,,,,,
,,,,,,,,,,,,,
,,,,,,,,,,,,,
,,,,,,,,,,,,,
,,,,,,,,,,,,,
,,,,,,,,,,,,,
,,,,,,,,,,,,,
,,,,,,,,,,,,,
,,,,,,,,,,,,,
,,,,,,,,,,,,,
,,,,,,,,,,,,,
,,,,,,,,,,,,,
,,,,,,,,,,,,,
,,,,,,,,,,,,,
,,,,,,,,,,,,,
,,,,,,,,,,,,,
,,,,,,,,,,,,,
,,,,,,,,,,,,,
,,,,,,,,,,,,,
,,,,,,,,,,,,,
,,,,,,,,,,,,,
,,,,,,,,,,,,,
,,,,,,,,,,,,,
,,,,,,,,,,,,,
,,,,,,,,,,,,,
